{
  "elos": {
    "anthropic/claude-sonnet-4.5": 1499.193166375176,
    "minimax/minimax-m2:free": 1501.4695015289756,
    "google/gemini-2.5-flash": 1500.0,
    "google/gemini-2.5-pro": 1467.3327234124051,
    "x-ai/grok-4-fast": 1500.0991700111933,
    "z-ai/glm-4.6": 1518.0666257029673,
    "deepseek/deepseek-chat-v3.1": 1498.5396319480676,
    "openai/gpt-4o-mini": 1499.9323408595199,
    "google/gemma-3-12b-it": 1501.890427954941,
    "openai/gpt-oss-120b": 1484.1585087853282,
    "openai/gpt-5": 1527.0616715947422,
    "anthropic/claude-opus-4.1": 1533.878503252533,
    "qwen/qwen3-max": 1468.8477964974568,
    "mistralai/mistral-medium-3.1": 1484.7024671725246,
    "meta-llama/llama-3.3-70b-instruct:free": 1516.0942124142696,
    "openai/gpt-3.5-turbo": 1515.3374293751895,
    "qwen/qwen3-next-80b-a3b-thinking": 1484.0,
    "mistralai/mistral-small-3.2-24b-instruct": 1482.5304984710244,
    "cohere/command-a": 1516.0,
    "microsoft/phi-4": 1500.865324643686
  },
  "votes": {
    "anthropic/claude-sonnet-4.5": 1,
    "minimax/minimax-m2:free": 1,
    "google/gemini-2.5-flash": 0,
    "google/gemini-2.5-pro": 1,
    "x-ai/grok-4-fast": 1,
    "z-ai/glm-4.6": 1,
    "deepseek/deepseek-chat-v3.1": 1,
    "openai/gpt-4o-mini": 1,
    "google/gemma-3-12b-it": 3,
    "openai/gpt-oss-120b": 1,
    "openai/gpt-5": 2,
    "anthropic/claude-opus-4.1": 4,
    "qwen/qwen3-max": 1,
    "mistralai/mistral-medium-3.1": 0,
    "meta-llama/llama-3.3-70b-instruct:free": 2,
    "openai/gpt-3.5-turbo": 2,
    "qwen/qwen3-next-80b-a3b-thinking": 0,
    "mistralai/mistral-small-3.2-24b-instruct": 0,
    "cohere/command-a": 1,
    "microsoft/phi-4": 1
  },
  "total_votes": 24
}