{
  "elos": {
    "anthropic/claude-sonnet-4.5": 1482.8189139887374,
    "minimax/minimax-m2:free": 1484.7473308956767,
    "google/gemini-2.5-flash": 1540.3964021921804,
    "google/gemini-2.5-pro": 1485.5666809912457,
    "x-ai/grok-4-fast": 1546.3140534442628,
    "z-ai/glm-4.6": 1500.3806064193095,
    "deepseek/deepseek-chat-v3.1": 1499.004778424942,
    "openai/gpt-4o-mini": 1499.9323408595199,
    "google/gemma-3-12b-it": 1502.499273983086,
    "openai/gpt-oss-120b": 1468.0835366884198,
    "openai/gpt-5": 1509.8224891421364,
    "anthropic/claude-opus-4.1": 1533.5315145307136,
    "qwen/qwen3-max": 1443.862736958453,
    "mistralai/mistral-medium-3.1": 1503.3315951501027,
    "meta-llama/llama-3.3-70b-instruct:free": 1516.0942124142696,
    "openai/gpt-3.5-turbo": 1515.5428988751296,
    "qwen/qwen3-next-80b-a3b-thinking": 1484.0,
    "mistralai/mistral-small-3.2-24b-instruct": 1498.6054705679328,
    "cohere/command-a": 1516.0,
    "microsoft/phi-4": 1469.4651644738822
  },
  "votes": {
    "anthropic/claude-sonnet-4.5": 2,
    "minimax/minimax-m2:free": 1,
    "google/gemini-2.5-flash": 4,
    "google/gemini-2.5-pro": 2,
    "x-ai/grok-4-fast": 4,
    "z-ai/glm-4.6": 1,
    "deepseek/deepseek-chat-v3.1": 3,
    "openai/gpt-4o-mini": 1,
    "google/gemma-3-12b-it": 4,
    "openai/gpt-oss-120b": 1,
    "openai/gpt-5": 2,
    "anthropic/claude-opus-4.1": 6,
    "qwen/qwen3-max": 1,
    "mistralai/mistral-medium-3.1": 2,
    "meta-llama/llama-3.3-70b-instruct:free": 2,
    "openai/gpt-3.5-turbo": 3,
    "qwen/qwen3-next-80b-a3b-thinking": 0,
    "mistralai/mistral-small-3.2-24b-instruct": 1,
    "cohere/command-a": 1,
    "microsoft/phi-4": 1
  },
  "total_votes": 42
}